INSERT INTO AGENT (ID_AG,NAME_AG,TOWN,PHONE)VALUES
	 ('p1','Надежный','Азов','55-55-555 '),
	 ('p2','ООО Партнер','Ростов','2-34-56-78'),
	 ('p3','Астра','Ростов','2-22-22-22'),
	 ('p4','Танаис','Таганрог','3-46-47'),
	 ('p5 ','ОАО Лидер','Батайск','123456'),
	 ('p6','ИММиКН','Ростов',NULL);

INSERT INTO GOODS (ID_GOODS,NOMENCLATURE,MEASURE)VALUES
	 ('T1','Бумага для факсов','шт'),
	 ('T2','Папки','уп'),
	 ('T3','Карандаши(10 шт)','уп'),
	 ('T4','Открытка','шт'),
	 ('T5','Тетрадь 12л.','шт'),
	 ('T6','Блокнот','шт'),
	 ('T7','Сувенир - гном','шт'),
	 ('T8','Тетрадь 24л.','шт'),
	 ('T9','Ручка','шт');

INSERT INTO WAREHOUSE (ID_WH,NAME,TOWN)VALUES
	 ('С1','Склад 1','Ростов'),
	 ('С2','Склад на Шолохова','Ростов'),
	 ('С3','Склад 2','Батайск'),
	 ('С4','Склад 3','Азов'),
	 ('C5','Склад ИП ГХР','Азов');

INSERT INTO GOODS_WH (ID,ID_WH,ID_GOODS,QUANTITY)VALUES
	 (1,'С1','T2',50.00),
	 (2,'С1','T3',56.00),
	 (3,'С2','T1',1000.00),
	 (4,'С3','T2',54.00),
	 (5,'С3 ','T4',234.00),
	 (6,'С3','T5',1500.00),
	 (7,'С3','T6',34.00);

INSERT INTO LOG_FILE (ID,INFORM,USER_NAME,DDATA)VALUES
	 (1,':)',NULL,NULL);

INSERT INTO OPERATION (ID,ID_GOODS,ID_AG,ID_WH,TYPEOP,QUANTITY,PRICE,OP_DATE)VALUES
	 (2,'T1','p3','С3','R',100.00,349.00,'2006-09-10'),
	 (3,'T2','p2','С2','A',1000.00,120.00,'2006-11-25'),
	 (4,'T3','p4','С4 ','A',150.00,50.00,'2006-12-01'),
	 (5,'T6','p1','С4','A',100.00,20.00,'2006-12-23'),
	 (6,'T5','p1','С2','R',1000.00,0.80,'2007-01-12'),
	 (7,'T5','p3','С3 ','A',500.00,0.75,'2006-02-25'),
	 (8,'T4','p2','С4','A',100.00,20.00,'2007-03-03'),
	 (9,'T3','p5','С1','R',100.00,50.00,'2007-03-23'),
	 (10,'T5','p3','С3','R',230.00,0.90,'2007-04-11'),
	 (11,'T3','p1','С3','A',500.00,120.00,'2007-05-23');

INSERT INTO OPERATION (ID,ID_GOODS,ID_AG,ID_WH,TYPEOP,QUANTITY,PRICE,OP_DATE)VALUES
	 (13,'T2','p4','С1','A',500.00,125.00,'2007-06-16'),
	 (14,'T3','p2','С2','R',500.00,125.00,'2007-06-20'),
	 (1,'T1','p1','С1','A',120.00,400.00,'2006-05-12'),
	 (12,'T3','p1','С1','R',100.00,390.00,'2007-06-12'),
	 (15,'T1','p2','С2','R',100.00,350.00,'2007-06-20');